<?xml version="1.0" encoding="UTF-8"?>
<metadata xml:lang="en"><Esri><CreaDate>20140619</CreaDate><CreaTime>16021400</CreaTime><ArcGISFormat>1.0</ArcGISFormat><SyncOnce>TRUE</SyncOnce><DataProperties><lineage><Process ToolSource="c:\program files\arcgis\desktop10.1\ArcToolbox\Toolboxes\3D Analyst Tools.tbx\ContourList" Date="20140619" Time="160214">ContourList staterf_mm04 "C:\Work\AbbyF\Rainfall Atlas\Website\Final_Layers_2014\Isohyets_mm\State\isohyet_mm_04.shp" 5;10;15;25;50;75;100;125;150;200;250;300;350;400;450;500;550;600;700;800;900;1000;1100;1200;1300</Process></lineage></DataProperties></Esri></metadata>
