<?xml version="1.0" encoding="UTF-8"?>
<metadata xml:lang="en"><Esri><CreaDate>20140619</CreaDate><CreaTime>16022800</CreaTime><ArcGISFormat>1.0</ArcGISFormat><SyncOnce>TRUE</SyncOnce><DataProperties><lineage><Process ToolSource="c:\program files\arcgis\desktop10.1\ArcToolbox\Toolboxes\3D Analyst Tools.tbx\ContourList" Date="20140619" Time="160228">ContourList staterf_mmann "C:\Work\AbbyF\Rainfall Atlas\Website\Final_Layers_2014\Isohyets_mm\State\isohyet_mm_ann.shp" 250;500;750;1000;1500;2000;2500;3000;3500;4000;4500;5000;5500;6000;6500;7000;7500;8000;8500;9000;9500;10000</Process></lineage></DataProperties></Esri></metadata>
