<?xml version="1.0" encoding="UTF-8"?>
<metadata xml:lang="en"><Esri><CreaDate>20110826</CreaDate><CreaTime>17361700</CreaTime><ArcGISFormat>1.0</ArcGISFormat><SyncOnce>TRUE</SyncOnce><DataProperties><lineage><Process ToolSource="C:\Program Files\ArcGIS\Desktop10.0\ArcToolbox\Toolboxes\3D Analyst Tools.tbx\ContourList" Date="20110816" Time="171113">ContourList FinalStateRF\staterf_07 C:\Work\AbbyF\RF_VEG_Pts\FinalGrids\Ctrs\jul_mix5_mm.shp 5;10;15;25;50;75;100;125;150;200;250;300;350;400;450;500;550;600;700;800;900;1000;1100;1200;1300</Process></lineage></DataProperties></Esri></metadata>
