<?xml version="1.0" encoding="UTF-8"?>
<metadata xml:lang="en"><Esri><CreaDate>20110826</CreaDate><CreaTime>17372600</CreaTime><ArcGISFormat>1.0</ArcGISFormat><SyncOnce>TRUE</SyncOnce><DataProperties><lineage><Process ToolSource="C:\Program Files\ArcGIS\Desktop10.0\ArcToolbox\Toolboxes\3D Analyst Tools.tbx\ContourList" Date="20110815" Time="144912">ContourList staterf_ann "C:\Work\AbbyF\Rainfall Atlas\Website\DataLayers_812\Contours\ann_mix2_mm.shp" 250;500;750;1000;1500;2000;2500;3000;3500;4000;4500;5000;5500;6000;6500;7000;7500;8000;8500;9000;9500;10000</Process></lineage></DataProperties></Esri></metadata>
