<?xml version="1.0" encoding="UTF-8"?>
<metadata xml:lang="en"><Esri><CreaDate>20140612</CreaDate><CreaTime>10501600</CreaTime><ArcGISFormat>1.0</ArcGISFormat><SyncOnce>TRUE</SyncOnce><DataProperties><lineage><Process ToolSource="c:\program files\arcgis\desktop10.1\ArcToolbox\Toolboxes\3D Analyst Tools.tbx\ContourList" Date="20140612" Time="105016">ContourList staterf_in12 "C:\Work\AbbyF\Rainfall Atlas\Website\Final_Layers_2014\Isohyets_inches\State\isohyet_in_12.shp" 0.25;0.5;1;2;3;4;5;6;8;10;12;14;16;18;20;22;24;28;32;36;40;45;50</Process></lineage></DataProperties></Esri></metadata>
