<?xml version="1.0" encoding="UTF-8"?>
<metadata xml:lang="en"><Esri><CreaDate>20140612</CreaDate><CreaTime>10501800</CreaTime><ArcGISFormat>1.0</ArcGISFormat><SyncOnce>TRUE</SyncOnce><DataProperties><lineage><Process ToolSource="c:\program files\arcgis\desktop10.1\ArcToolbox\Toolboxes\3D Analyst Tools.tbx\ContourList" Date="20140612" Time="105018">ContourList staterf_inann "C:\Work\AbbyF\Rainfall Atlas\Website\Final_Layers_2014\Isohyets_inches\State\isohyet_in_ann.shp" 10;15;25;35;50;65;80;100;120;140;160;180;200;220;240;260;280;300;320;340;360;380;400</Process></lineage></DataProperties></Esri></metadata>
